{"signal_1": {"x": 19.702628135681152, "y": 385.79362487792946, "z": 5.7423367500305105}, "signal_0": {"x": 40.0686435699463, "y": 386.536865234375, "z": 5.742337703704811}, "signal_2": {"x": -39.3814373016357, "y": 323.665512084961, "z": 5.742337226867661}, "signal_3": {"x": -39.399202346801744, "y": 302.99087524414097, "z": 5.742337226867661}, "signal_4": {"x": -126.898464202881, "y": -12.082300662994399, "z": 5.742337703704811}, "signal_5": {"x": -111.07424163818351, "y": 0.4116095155477524, "z": 5.742337226867662}, "signal_6": {"x": -139.586151123047, "y": 4.007397174835205, "z": 5.742337226867661}, "signal_7": {"x": 237.7689361572265, "y": -201.4910430908205, "z": 5.742337703704811}, "signal_8": {"x": 225.101860046387, "y": -184.97292327880848, "z": 5.742337226867662}, "signal_9": {"x": -34.49445343017575, "y": -199.53438568115251, "z": 5.742337703704811}, "signal_10": {"x": -30.90484046936035, "y": -172.4720611572265, "z": 5.742337703704811}, "signal_11": {"x": -47.06781005859375, "y": -184.97200775146501, "z": 5.742337226867662}, "signal_12": {"x": -30.905522346496603, "y": 204.42378997802751, "z": 5.635315895080561}, "signal_13": {"x": -41.3089923858643, "y": 197.6050415039065, "z": 5.742337703704811}, "signal_14": {"x": -18.44690322875975, "y": 194.016242980957, "z": 5.742337703704811}, "signal_15": {"x": -122.12799453735349, "y": -195.39253234863298, "z": 5.529175281524612}, "signal_16": {"x": -135.28800964355452, "y": -184.97855377197249, "z": 5.742337703704811}, "signal_17": {"x": 146.697380065918, "y": 193.56001281738298, "z": 5.742337703704811}, "signal_18": {"x": 86.5744323730469, "y": 198.0814895629885, "z": 5.742337226867662}, "signal_19": {"x": 238.11399078369152, "y": 182.30715179443348, "z": 5.742337703704811}, "signal_20": {"x": 224.89178466796852, "y": 197.33331298828102, "z": 5.742337703704811}, "signal_21": {"x": 253.98640441894548, "y": 194.017333984375, "z": 5.742337703704811}, "signal_22": {"x": -120.4269866943355, "y": 180.73253631591803, "z": 5.742342472076411}, "signal_23": {"x": -102.07364654541, "y": 193.45011138915999, "z": 5.742337226867661}, "signal_24": {"x": -123.0204772949215, "y": 198.73868560790999, "z": 5.742337226867662}, "signal_25": {"x": -30.412712097167947, "y": 568.725616455078, "z": 5.742337703704811}, "signal_26": {"x": -17.9942207336426, "y": 568.2037658691405, "z": 5.742337703704811}, "signal_27": {"x": 158.26686859130848, "y": 301.967300415039, "z": 5.742337703704811}, "signal_28": {"x": 82.60233688354495, "y": 486.66703796386696, "z": 5.742337703704811}, "signal_29": {"x": 79.4249420166016, "y": 470.53178405761753, "z": 5.742337703704811}, "signal_30": {"x": -75.16472244262695, "y": 470.1092529296875, "z": 5.742337703704811}, "signal_31": {"x": -76.2971801757813, "y": 489.61039733886696, "z": 5.742337226867661}, "signal_32": {"x": -149.4498672485355, "y": 405.5359649658205, "z": 5.742337226867662}, "signal_33": {"x": -133.221420288086, "y": 409.610321044922, "z": 5.742337226867661}, "signal_34": {"x": -197.5204467773435, "y": 302.4600372314455, "z": 5.6329407691955105}, "signal_35": {"x": -197.0244827270505, "y": 315.068084716797, "z": 5.742337703704811}, "signal_36": {"x": -273.1709594726565, "y": 212.0865631103515, "z": 5.742337703704811}, "signal_37": {"x": -293.938949584961, "y": 198.45536041259749, "z": 5.742337226867662}, "signal_38": {"x": -273.83340454101597, "y": 193.331672668457, "z": 5.742337226867661}, "signal_39": {"x": -293.418884277344, "y": 0.4080601856112481, "z": 5.742337703704811}, "signal_40": {"x": -316.2279205322265, "y": 3.9888614416122454, "z": 5.742337226867662}, "signal_41": {"x": -305.8211059570315, "y": 16.591796875, "z": 5.742337703704811}, "signal_42": {"x": -316.205078125, "y": -184.971549987793, "z": 5.742337703704811}, "signal_43": {"x": -305.783874511719, "y": -172.737174987793, "z": 5.742337703704811}, "signal_44": {"x": -305.7654724121095, "y": -366.317596435547, "z": 5.742367267608611}, "signal_45": {"x": -298.982788085938, "y": -382.51631164550804, "z": 5.742367267608611}, "signal_46": {"x": -34.49472808837895, "y": -389.35459899902355, "z": 5.742341518402112}, "signal_47": {"x": -30.90471267700195, "y": -366.1298217773435, "z": 5.742368221282961}, "signal_48": {"x": -24.07701778411865, "y": -382.51481628417946, "z": 5.742367267608611}, "signal_49": {"x": 237.78318023681652, "y": -389.36332702636696, "z": 5.742367267608611}, "signal_50": {"x": 248.1944580078125, "y": -382.5142211914065, "z": 5.742367267608611}, "signal_51": {"x": 347.4427490234375, "y": -372.1034698486329, "z": 5.742368221282961}, "signal_52": {"x": 354.288269042969, "y": -382.51408386230503, "z": 5.742367267608611}, "signal_53": {"x": 331.43240356445347, "y": -184.9713821411135, "z": 5.742337703704811}, "signal_54": {"x": 347.449676513672, "y": -178.150238037109, "z": 5.742337703704811}, "signal_55": {"x": 354.57363891601597, "y": 193.92414855957048, "z": 5.742337226867662}, "signal_56": {"x": 331.878890991211, "y": 198.49796295165999, "z": 5.742337703704811}, "signal_57": {"x": 348.97383117675747, "y": 204.390640258789, "z": 5.742337703704811}, "signal_58": {"x": 354.2799377441405, "y": 0.4089430347084999, "z": 5.742337226867661}, "signal_59": {"x": 331.704895019531, "y": 3.9906599521636954, "z": 5.742337703704811}, "signal_60": {"x": 347.4125061035155, "y": 10.83320379257205, "z": 5.742337703704811}, "signal_61": {"x": 388.45915222167946, "y": 278.051544189453, "z": 5.742337703704811}, "signal_62": {"x": 208.39631652832048, "y": 400.0510406494145, "z": 5.742337703704811}, "signal_63": {"x": 220.7739944458005, "y": 399.5634155273435, "z": 5.742337703704811}, "signal_64": {"x": 448.9560241699215, "y": 348.206298828125, "z": 5.742337226867662}, "signal_65": {"x": 436.6826782226565, "y": 361.043884277344, "z": 5.742337703704811}, "signal_66": {"x": 449.45893859863247, "y": 360.649658203125, "z": 5.742337703704811}, "signal_67": {"x": 276.45840454101597, "y": 480.8988952636715, "z": 5.742337703704811}, "signal_68": {"x": 263.9242553710935, "y": 481.601531982422, "z": 5.742337703704811}, "signal_69": {"x": 276.081237792969, "y": 468.419616699219, "z": 5.742337703704811}, "signal_70": {"x": 141.8770751953125, "y": 569.278961181641, "z": 5.742337703704811}, "signal_71": {"x": 153.6448211669925, "y": 556.177368164063, "z": 5.742337703704811}, "signal_72": {"x": 141.143417358398, "y": 556.797119140625, "z": 5.742337703704811}, "signal_73": {"x": 41.154096603393555, "y": 640.9153442382815, "z": 5.742337226867662}, "signal_74": {"x": 29.26630878448485, "y": 654.071411132813, "z": 5.742337703704811}, "signal_75": {"x": 41.6863842010498, "y": 653.448394775391, "z": 5.742337226867662}, "signal_76": {"x": -83.6425323486328, "y": 734.3482055664065, "z": 5.649960041046111}, "signal_77": {"x": -84.22586822509766, "y": 722.044616699219, "z": 5.742337226867661}, "signal_78": {"x": -144.0967483520505, "y": 639.3466186523435, "z": 5.742337226867661}, "signal_79": {"x": -143.505386352539, "y": 651.797302246094, "z": 5.649960041046111}, "signal_80": {"x": -23.04977321624755, "y": 806.013458251953, "z": 5.742337703704811}, "signal_81": {"x": -22.4329748153687, "y": 818.4695739746095, "z": 5.649960041046111}, "signal_82": {"x": 47.086715698242195, "y": 884.8996276855471, "z": 5.742337226867662}, "signal_83": {"x": 144.9949951171875, "y": 804.198059082031, "z": 5.742337703704811}, "signal_84": {"x": 157.66599273681652, "y": 803.542022705078, "z": 5.742337703704811}, "signal_85": {"x": 158.31340026855452, "y": 815.8876342773435, "z": 5.742337703704811}, "signal_86": {"x": 101.36629104614249, "y": 737.870361328125, "z": 5.742337226867662}, "signal_87": {"x": 89.00222778320315, "y": 738.3556823730471, "z": 5.742337703704811}, "signal_88": {"x": 341.41262817382847, "y": 569.2581787109375, "z": 5.742337703704811}, "signal_89": {"x": 328.9740600585935, "y": 569.8359985351565, "z": 5.742337226867661}, "signal_90": {"x": 535.2773437500005, "y": 287.3577880859375, "z": 5.742337226867662}, "signal_91": {"x": 522.9314880371095,