{"signal_0": {"x": -12.909597396850586, "y": -24.74567413330078, "z": 33.523000717163086}, "signal_1": {"x": 0.555694580078125, "y": -16.65918731689453, "z": 33.52400016784668}, "signal_2": {"x": -2.2693334221839905, "y": -27.35590362548828, "z": 33.505001068115234}, "signal_3": {"x": -10.452201843261719, "y": -13.958481788635254, "z": 33.51300048828125}, "signal_4": {"x": -18.475915908813477, "y": -69.39595031738281, "z": 32.91300010681152}, "signal_5": {"x": -9.328813552856445, "y": -75.9334487915039, "z": 33.29899978637695}, "signal_6": {"x": -16.932079315185547, "y": -63.634883880615234, "z": 32.645999908447266}, "signal_7": {"x": -33.272464752197266, "y": -29.418262481689453, "z": 33.321001052856445}, "signal_8": {"x": -23.2786922454834, "y": -33.337100982666016, "z": 32.61800003051758}, "signal_9": {"x": -32.33098602294922, "y": -20.604625701904297, "z": 33.307000160217285}, "signal_10": {"x": -49.13108444213867, "y": 13.390782356262207, "z": 33.33400058746338}, "signal_11": {"x": -37.77934265136719, "y": 1.4989814758300781, "z": 33.332000732421875}, "signal_12": {"x": -48.28227996826172, "y": 22.07497787475586, "z": 33.30300045013428}, "signal_13": {"x": 19.30106544494629, "y": -1.646529197692871, "z": 33.64500045776367}, "signal_14": {"x": 17.470684051513672, "y": -20.642391204833984, "z": 33.641000747680664}, "signal_15": {"x": 28.353532791137695, "y": -5.733170509338379, "z": 33.42600059509277}, "signal_16": {"x": 8.639690399169922, "y": -16.683536529541016, "z": 33.42700004577637}, "signal_17": {"x": -8.865068435668945, "y": 29.634750366210938, "z": 33.6560001373291}, "signal_18": {"x": 14.934534072875977, "y": 29.045520782470703, "z": 33.64900016784668}, "signal_19": {"x": 3.1561384201049805, "y": 16.91012954711914, "z": 33.641000747680664}, "signal_20": {"x": 3.4818291664123535, "y": 41.690391540527344, "z": 33.640000343322754}, "signal_21": {"x": -39.24467849731445, "y": 49.99233627319336, "z": 33.42800045013428}, "signal_22": {"x": -34.21303939819336, "y": 59.232112884521484, "z": 33.33800029754639}, "signal_23": {"x": -28.05177879333496, "y": 57.19486618041992, "z": 33.32800102233887}, "signal_24": {"x": -30.524805068969727, "y": 21.213558197021484, "z": 33.487000465393066}, "signal_25": {"x": -12.223943710327148, "y": 19.389184951782227, "z": 33.481000900268555}, "signal_26": {"x": -15.69371747970581, "y": 10.40514087677002, "z": 33.45000076293945}, "signal_27": {"x": -26.95842170715332, "y": 29.994544982910156, "z": 33.32600021362305}}