{"signal_0": {"x": 56.700008392333984, "y": 7.7500081062316895, "z": 5.578000068664551}, "signal_1": {"x": 58.94100570678711, "y": -3.5399935245513916, "z": 5.48799991607666}, "signal_2": {"x": 49.8700065612793, "y": -7.729995250701904, "z": 5.478000164031982}}